rut,nombre,password,telefono,cant_libros
34.191.933-6,Michael Jensen,b'ov0VLVDVBkEwD1N_ZTgP4abo7SViAOLIVQlsCTgTkyU=',980824187,1
34.129.783-4,Joseph Ramirez,b'B3NKMkfWH88nmiBEMbFjabuehl1BnyKV3NZ4ao8BZoE=',965697302,2
27.135.950-5,John Montoya,b'OXrtaqMyUBIQEtBE3ag0nWMpjVTTxIkAsWTsc6-ZOGk=',917644837,3
17.892.524-3,Cameron Terrell MD,b'Un7qjCtQO5AI38w2hQ6pqiS7_PiWrNuECS-qlsyZn2I=',930685879,2
35.708.454-7,Robert Hoffman,b'LuIQIC7Oh7EFhbAu8gOYhyzqVabA8yZIYN9_K8WrO8Y=',940449506,0
24.431.103-5,Abigail Rice,b'F33t99tAcoP-lEWQfivZfziUKcrzlH067f6vxat-kgQ=',994340832,3
16.505.217-5,Kayla Sosa,b'OLglvP0jqpSKQAkoDJIwI6AoVD4Df-d9clEj6gZCpr0=',962680296,4
37.254.785-3,Jose Scott,b'chHHBJrM2lb4lQv-rLA6UiCgmjtwVWe2Qqg3LYwCPyU=',942111471,3
30.481.209-k,Matthew Mendoza,b'9EXkVmfuHIXkC6cD7g8srMTQmuChGB9ypnjogylxygE=',974048270,5
42.610.489-8,Laura Cochran,b'fNgkt3YyMeMP5MKBawSUxPCDCd_2_0lQv-lhA-DsPCc=',948029026,1
30.809.511-2,Lisa Bray,b'WP8O8-qfJd3JqkTwV7OH93YUAC9Fz_3J_u_XevtkWsE=',902155966,0
49.414.184-7,Cynthia Roberson,b'pi0CPKOI_JGCI_OvEbubfmtULJYMLzDuYriRCPAcfnE=',971976574,4
21.548.402-4,Kelly Crosby,b'WNO061kWfYtJHJf-UJjzXo8d7FH6yPYTRa7cY9Jwo3o=',981361808,1
34.272.250-3,Cassandra Webster,b'y3OKO0bzD4ekizU-eUFbCwQGZm3pLT88FW0nQjjB3UU=',990866238,1
34.382.517-3,Steven King,b'jBgug_zdCijixIkF5IME0EjkWD--wHqhs84SWMi8gVI=',996118526,2
38.355.964-k,David Reyes,b'kaYqWaR5MzrQp1ahEUfSbHZgLXs6vYGYSEmAbP4EqZM=',926987883,1
20.130.641-9,Christina Reed,b'ZpdIF4wNl-Br8OBjs78Wy6_XnsAx0hHWW9tyVSNgBhE=',928696696,3
31.956.988-6,Kimberly Vasquez,b'6l6LrDkfBsIKCUyegI5clNAjnjLZB7Cizw36X5LxIj8=',923074273,0
6.953.645-9,Alexa Gray,b'AXypTjd-KTGpEbFPX3j5JcPM84kNUef5eqs-J2WKTjo=',953978447,1
2.108.568-7,William Williams,b'KfioyOei1ITmPUbhErddsDbsEpp4V0TtO7WAQETF3c4=',934968205,5
21.878.610-k,Alyssa Shaw,b'whHrBQzSJyN3QQHRSE89tKkjF15Ddq5LCGoDnN47Gu0=',932924153,2
11.595.542-0,George Powell,b'QAoETK_qNuIW_z9cPU0rc12J_itcY3FAV75FxgJfBAQ=',940039470,3
40.558.201-k,Gary Peterson,b'YQq14y7ETquVHLEF0T_i9_iwdMVo_G-nYc1_q6ANjXM=',951312539,5
27.972.689-0,Kevin Cochran,b'PpRMTyDQLc7ZuN3BEi3WN0P6hZuPhLnTxs7GWuwyR50=',996870486,0
3.598.702-5,Mary Frederick,b'WKLeG5ErthE_bWMjyLo4oqlXYf_NB3_3rPb8rcVa3I4=',942304653,3
27.357.288-4,Melissa Wade,b'xufdQAvAqAT_3hCoAzD0k0PAZXbjmgMjPPeNPppGv04=',992487269,3
27.277.986-5,Joshua Anderson,b'AI3abTQatBD0SAMw0TOO4QWCIEkBPs3NMy4UZQ-64xg=',914253183,5
17.907.352-0,Jeffery Rodriguez,b'kODhPxa75OyweQf6CGxfogAA-yE_Xxr-ZHlR9GNPniA=',970695044,5
21.511.252-3,Mrs. Courtney Young,b'MHNoBaD1an-C7poKf2dUq0W48_n_2mAdsGj7ZnVhkeg=',929481880,5
20.144.486-5,Michael Contreras,b'LC10xO3lGq2JTkAqGRiyfuAmV8c_qmNckR1rtyEwhMQ=',950695616,2
2.464.727-k,Ricardo Mitchell,b'xv4Gpbu_FDGKbtSu3rynAjs62YLt32KZs7A_8SvcvaE=',970030522,3
37.930.189-3,Sheila White,b'Q-eN1n1QjdUMAN2dVDaj5HRnpphHSe6fzWF3FUdmDhs=',994900257,4
17.807.917-9,Kevin Torres,b'15BdFoUP-Xtw80HD9wd5cHTQ1JW5EcwqNEJR-Q6GMiU=',985034063,4
23.957.108-8,Elizabeth Flores PhD,b'dqkfAQJn24iPrRXRD9NRjh0YZG-qBYnL26y5NXLbV5A=',902443291,0
3.585.717-4,Grant Hernandez,b'T_hroO_RTwMEclrQ6WtSYGKgq-VhXE2H1Yd2Hd_-WmQ=',935470264,4
21.212.858-2,Michael Burton,b'Ykjnizc7pKsHZXa5Q3XkHItzyxz0cp8-tCdXrr_9vUA=',971548001,2
41.843.328-3,Mary Cruz,b'knDCQhQBoQMOJnT85KIKtYPHB21EcVYf5JK0E8UG8h4=',953887390,3
2.741.936-6,Carl Norton,b'vhkVEg1ZzD8RJU4_gwT2dN52LgM63YHNrQeoXMxpqy4=',941805662,4
5.241.299-2,Willie Davila,b'7OsqSI5O1Z51DNwczam4t6CUypVZ9h2fIi7molJtixY=',997979923,3
45.242.293-2,William Payne,b'qQQJ5TF0h8sBjv3LsbOzf_eZ5f_BaB34odJFzFsiuzc=',970626149,4
37.636.420-4,Christopher Allen,b'Z-1vcasGSH1Pj0DDSeHezVIWWI4_4dxzhV1O5B-tMD0=',918021101,5
48.492.474-6,Heather Thompson,b'UhVXytL70G6XooeW0KuqKNORgByG6Ns7x5ZJ1GORxMU=',944194393,5
6.295.627-0,Kimberly Farmer,b'ZB5JYrETjclGC93LfnG8xxOPMVuYgxq1MbuKlcRYk2Q=',986353215,0
13.260.396-2,Marc Bishop,b'mk1LbjQt1N6XXGHA_mf3pQ05A_8HjpLe0_cc6O7hoUA=',915911951,1
33.651.519-3,Andrew Carlson,b'08CQjAhXIjmwIxhb93q2wiSA9I-DovUQ4ozIw7u3ylA=',973156325,5
45.595.787-9,Tina Price,b'zeADpYeGV1d4T5cVTK58YkW0d_QPQkkE3dCzsozIGKU=',995525975,0
36.247.917-k,Thomas Brown,b'hqBN6NcPOr5afViEH_6uV24Dq98N7DgTmz12wtZ4048=',932642399,2
17.742.213-0,Joseph Stewart,b'3amSghZmr5sQCbYWkEeUhn3c6l1P8zVlKXDX-OmZE84=',963364106,4
13.541.866-8,Christine Weaver,b'tUw9C5v7RpIyXdNpTM-NWGo6GdBTAg2BBpaKT2MyhOg=',984126222,3
17.441.576-9,Kimberly Avery,b'ktzYveHkH8SJIczx3T7o2DPaldRnqRl0odaacFe4w2A=',925715013,4
10.334.903-7,Michael Davies,b'OeuvyhrXlD3zPH-I8ZyJNEkLkimYJv-k7q3b5u5Falo=',945362048,0
44.137.379-6,Randy Tanner,b'aTNjX3m_QNWtvISgLPHCxAQvm255IHQuD2YFKcvRo40=',950444304,1
5.199.623-k,Walter Walters,b'Zvksm01HhkC1jdhf2W6l6MS8WijMsEtNltcCxvc9wdo=',918399939,5
46.464.647-4,Robert Frazier,b's7idbG_5jdqfuFdzceyvp6Z04DlNd9OU6wW_-w2J70o=',909060805,5
2.715.701-4,Lori Reynolds,b'DAa4uG3GZSqVh8eoKxsvh4WfmPXOlcJN-BZSRKNfymo=',910521925,1
9.389.855-2,Terri Blake,b'qdDrg6MX2gFBT2Ktmw08XLp3762j6e7h35jZkURYRGU=',993482824,3
47.253.845-6,Darrell Powell,b'8M9FyyJ6OpkW7Z5DYzgqcNE5GTf1TKwcMD83pDyTtrY=',969395685,1
43.461.249-0,Teresa Torres,b'_5X9bmA6gGEbQOn7EfuLsJvm5hG2EIdvjuYUkLCCDKQ=',956834035,3
17.749.922-4,Rebecca Shaw,b'-RBAas4MK5TjW8u__T4-97fBV07nCEIvBY-N3Unlk8A=',931919226,3
37.225.675-2,Kelly Rose,b'4EVXmn9YRSdI7Xxq5OXejg73JKjolORMcN03fDxGmcQ=',967230505,5
28.763.531-7,Melissa Mitchell,b'zTMHuz6_er1qTNiKCiHAi7BCWqDp1TPDan4-Z_eRzts=',952757180,1
5.730.156-0,Brent Tucker,b'1vl0u0TNLBBKP6XRwoeBZ7kIB7vUx0ln7d3oZM9eRYE=',994472866,4
8.862.205-6,Kristy Garza,b'Tt30xYd-rJvz9zix97w2F7Ocz3tMUKQXYYLhCMtC1NA=',950070031,0
26.361.716-k,Gregory Simmons,b'ucNys0dorGSblIqKo9k-6SiZ0ZVt2-yI-U3BzYq6Ui0=',948443859,1
28.617.186-3,Sara Reynolds,b'CHsLii1We1s4WrgYBqLSCk6qPbc6nOSTyjA-bANe5RY=',908820141,3
50.992.403-5,Brittany Welch,b'9Yh5CPWXS9GOfYaFHZdM1-RpJjumvLLws5ER8OQT9yA=',962329714,3
15.925.620-0,Garrett Nunez,b'cFhL1loskzcbr17xhvH_Gq-d9OOw9foTnMV4jfN5p1c=',998931232,4
21.517.342-7,Crystal Cunningham,b'zprvQmU20kzZfBVcTnVzwSYXKcxgJWO8JXzxxDoQTZ4=',928982676,1
5.400.396-9,Ashley Murray,b'SZNZVIY_7LXoVc3v9oIcKREtJ0KmsXyNWt3VMtnqg7M=',978368547,2
16.868.763-3,Latasha Leach,b'bNdZa1Rtf5MnDFeGrBu2klIObCEeB6SQ0o8U0UpSaX0=',911236968,4
17.777.962-6,Brent Nichols,b'Rdq64kcQkSjBNtGK-nAaoggUaBGA32hLyc7fOjPCo24=',996901667,3
40.571.807-2,Mary Walters,b'rJoiD-Tq9hiVzRcZI6UbOSeDDDexlVNl9-Xag1A6chc=',902126117,1
3.329.767-7,Paul Williams,b'J_n76DnlUCQpIpmxxlh0SkM_yJYTb3Z4BWDaPZ_QFPc=',903350279,0
47.855.585-8,Andrew Mcdonald,b'_JFazCU68ELNMPknnBH6dLm7fYfrOKC1eRWkqZURjn8=',945278807,3
46.412.917-7,Michael Rios,b'BDHMLBRUphKOjLmxfCr-tZvSSqsu7dCcD39kjAVddLE=',929347140,5
32.700.439-9,Jamie Delgado,b'4-iqBO0Bqgj7kAMYu3jmb11U45z8P8-rqSDOQdtIZJw=',915693505,1
44.937.259-2,Joseph Quinn,b'x8k5u70yt5EO8Jt6xKaxVvFdQWHsvAfS3kmfTIQciW0=',992914219,2
17.606.739-0,Kiara Jackson,b'FzX_Z5ApNLS0W82CBXDXeWRJT6n4GKMnfvTOOgYIpLA=',943764579,1
40.549.275-5,Lisa Edwards,b'RAlopUcRyuEg8xK8ZaECbYlE1rGjQwKdrSzmyJXWQlk=',934480969,0
30.355.598-0,Steven Burnett,b'hfZVzNzvHQX_WgcaZUI0RMIwQ0Xg6vPkRfUaXaRydJ4=',959473730,3
14.469.643-2,Luis Mccoy,b'Te5TKAurBvc4pm_VbumTYRxgqTNpVfiJqU-WW_nykf8=',960384977,5
20.923.966-5,Molly Wilson,b'pWz8JJemFP8PBiYeelOlljHL17kd8o7O2Ec-SaExpvw=',962699783,0
47.521.309-9,Deanna Silva,b'vleF2oO2WHcoUN0qFM7FjczEDZ_EF2slgRA1pY2js-E=',913390086,2
16.531.810-0,Robert Mahoney,b'9gmAALo-Z-EEL0sPtBX8f0Nm2FqNdmIy_0Oi2kb2XfY=',982929511,3
9.810.334-8,Harold Mathis,b'8-qR8p5TrX70A4w5Crny5lftrKkvEZRSuunw6blpoVw=',989047001,5
28.805.777-5,Leslie Jones,b'ZniAAzIS0_KkRnry1ieecY80uNaBh3X-t5BkM0NYdSA=',986265753,1
19.123.868-6,Brandi Williams,b'HAcgB_9_zISGBUnBYf1myLSdi6FMHZLUFloa_HXCji4=',916778967,1
8.772.709-7,Brittany Estrada,b'zMFWWEaS6mgl3tIaerQChei-st2riXS4ChWI2Q82X6M=',975303602,0
1.929.338-6,Wayne Price,b'2S-LIDGE6pRfwNMK8_GLpcURSvvkdEok8khDdYssfaU=',975612352,2
11.863.534-4,Donna Welch,b'XUa-hYU1QGJRDaA0XwMZmubse98dxCRfpxgRntsF-9o=',936879185,4
1.294.564-k,Rebecca Rowland,b'VkeF4oNeic6hsbJTDYya5vX7z0xnZOYVc-uW48bKmOs=',940009006,2
37.796.343-2,Cristian Lee,b'jodomeBj5m_0K_AnLYk-mC0WcQ-LCtfUHzi3I-klqEw=',970759373,0
27.727.933-8,John Wells,b'cV9ju49dzQ1qnRGMBK4CWWUp30ZtY9lp_ToHrzp32xs=',908214937,0
48.602.622-2,Cindy Perry,b'usZzahIfvbkg3n6dfwUpjcRIM4N2hWNZn-9BcoTiuUo=',971175432,1
30.289.479-k,Paul Lyons,b'SSCfE9ODJ9MpHgChFpW9apkvkOxzHxbSDDj9Yw-V_Gc=',962096793,2
42.642.831-5,Susan Adams,b'zd80GCRG0IMxgi5a5XE15Gkty7jfq6x-KqyVZDv2hXE=',912188334,1
15.959.639-4,Austin Boyd,b'e-0TWiOybQhTOCoFVOqPrY8Uc1MuAIylnHkoCebxTCU=',953163135,3
36.193.504-0,Savannah Mayer,b'R3EYMLjiIYaymG8IuOtPb7975nm21IKhCy8XPc85BwQ=',908247229,5
11.654.765-4,Jill Hall,b'uv9QxVk2p0EbfYkST3Xv4cqdldGn7IlbgxiJS8amuyw=',947596624,0
33.932.649-6,Joseph Williams,b'n6zlOhXFjfp6BQaeFs6eBPIwVPelZXdb0MhurTBHAjE=',963922665,3
