rut,nombre,password
33.607.894-4,Cynthia Caldwell,b'oy62VxbVTZtQr3SwS1BTrvp_ZS5zpxu3o-VcLiz6gtE='
7.835.930-6,Jay Rice,b'cSdoi9MqFJyQ_hqJHPKFUB8ShCM1hhepz-uzlHoFyAI='
41.776.929-8,Jason Moore,b'o0084LcpEmLfRJUCy6vspxjwGYckPJfkkWWxYKMiW0o='
37.260.684-2,Andrea Bennett,b'uLLwTIyV2M0_MipHybqx5Y2JcFN7T7Gdvsomoz2G3WA='
48.103.224-k,Joseph Thompson,b'SblMrJFRsjVhvQI0N7umOafCFEuZmlfQA4yO4DsxyUY='
29.218.869-2,Dylan Gonzalez,b'TPCkC7AOiH_wEnln6UMYj5Pqsd2GvIyzYxiISKDNK_4='
49.407.898-2,Heather Murphy,b'G81ceNba4FL9aIprXCfNU3DtOJ-wWNNgKg68b1ogR-A='
50.427.107-3,Jessica Small,b'VZB4s8Ke2X7iVXyu8UNNfc7ABB7trUlwFddAoNybX2A='
23.816.499-k,James Fox,b'I4dex3qCdG6nxBwCq6db8U9N4Mx2M1konUaIVrvYC_s='
41.662.594-9,Richard Stevenson,b'PhN5RpA7TsOoFMuifOUqeZ-DlddEIOSiXJWK82vW8PM='
30.303.114-7,Rodney Castaneda,b'B8Nbobe2SMjYpGsyls3pf8t3gsgsM7u-NJO1hySnsrE='
8.815.196-4,Catherine Diaz,b'EyWZ9BkaYqipO9wfUjHp7xlCZXQJImq1DyJNorUitDE='
45.178.750-0,Christopher Hughes,b'WoDEBE63aD1a6O1Q4aN4ie0gZ3i9MFEcthg5KwIWSq0='
41.375.313-0,Jeremy Garcia,b'fx3LVzYDxJpe3ZxRmejdxM3NktBhyRGExILs4xT5Vn0='
27.518.428-0,Karen Soto,b'BUzRx46yDvFff0WCx2TQYEmT3ZLZVVacbU-e0MEPDkw='
32.318.704-8,Michael Caldwell,b'wFjOa7ZpDOiAMo1nT_SpMGSohcSqjpTdYVAyOrksf7k='
48.729.709-6,Rebecca Stuart,b'G92ev6OE144Q0JEoea7Sg1blFwWiMgoW614BJEDQTe0='
17.616.113-2,Christian Diaz,b'JtQ35uaa3fxA2jJ_LsCicmTTfq4qdz83f4ePK2E9PLg='
49.325.140-2,Kevin Johnston,b'gAVVLfzcY0xdyDxKvnfRPA0mgNuJzRI4MDMrly4cZVA='
24.782.951-k,Susan Morris,b'MAm3W_U0jrGvssxtqc-jV4RExrz9SSdLOPaLMGc9AI4='
36.674.569-k,Deborah Knapp,b'0tLG6bU3--LRcU5YurXNon1jC8yPtkcw7I61CWFcibM='
37.247.998-0,Katherine Schultz,b'VfWIGZX3KQmQ_4LU2szf3bhzcZDBgwKletEMfIwDV1w='
8.166.620-k,Kimberly Nelson,b'DyHXm9AmBlfJt07yCOZpOVg1gaZR33grFX8x9LimKr0='
27.517.323-7,Amy Young,b'UA0-A_rq4gIxDIIr4peB196oP6Ms2FXDIkctnO4HB9E='
3.365.516-3,Christopher Palmer,b'2zIX2wgzOtF-Tw0Wdk5zQp3sYfaVlNfwB-9tMxadH6Y='
10.975.469-0,Patricia Cannon,b'7SDRXK4-v8i1705WfZ2dEW8EYbE0E0xKO4nPqNcvJ6M='
4.237.238-5,Martin Ortega,b'rSI8DBy2u-RDXUoqFN0RpthfwylXjt4xxwsMm8ndPfI='
32.352.165-0,Sheila Lee,b'SzL4FqrsoBhqXpQvWKleV_BPm7ilftCZrlicOwmIxos='
26.305.746-2,David Butler,b'c0lHH6uY2SMwYq70Vqj1K_DofoLRn8UB0D_22Y2NcF4='
46.409.491-7,Roger Baldwin,b'XNn1LWEcfne_4_1QmVM8YfdvbMmMvqfzbb_7iBP5GJU='
29.738.456-k,Amy Myers,b'hfGfZacERSm1GJxA24N3KVmpT5usmJgWUULy8kYDKc4='
27.675.188-4,Regina Mcfarland,b'Slcus4EAzhIHb5FExQPPNuQzUb9WGG-hjXTBI8kjQd8='
29.859.702-9,Marilyn Klein,b'pY4mBwAKRKz8RdJHAw1rveBIrEl_KNb0QJVIAU8szrY='
5.661.574-3,Charles Morton,b'6NxT47uMv3ACDTpx6_eLHpa4XGtUwMRTIHqKCHsdOQ4='
1.953.653-7,Robert Hart,b'Wpq0NuoMR8Q7kRu1nOu17Q-ap0IqWlLGK0HbbVAbbWM='
46.823.460-5,Jerry Cohen,b'rdlabGp7AHqznYp-u0OSMwBWsFl9dkRbCtQzqe_hRms='
3.120.727-2,Michael Lee,b'M6wzeTctrVr8j6z5XoGjRSrQ0NTgYdaaYIDMEmEZKXw='
20.260.135-0,Bradley White,b'mOzGgWCNKcwYPDXOxWFAJg6ZBtZYw_35nQwN0WqAoDs='
6.297.230-4,John Hernandez,b'J5MUUJaytVBkuNPhDg6YwyBwlIYrxYnkA8-3fxfy0Vg='
13.681.903-0,Paige Gallagher,b'uiLr1zTLd2GgE-1IZn4Jd4q6ax3WcOTtuZJwaVDsZx0='
47.475.852-4,Ashley Henderson,b'ZDEwlCArS17u2MpZKvCJkMrVQOpCJ7e1nvKNhvk548I='
1.386.763-k,Haley Wilson,b'wtzCsZdqHg7StCtGUV_WaHGYsd8JCZS1ynEcy5XEKNg='
37.307.648-k,Mary Smith,b'dSakXa8A524mZINHCH2QfqMrsPZiHlGyyb9Prx71AUk='
22.518.934-7,Frank Myers,b't_PzBXK6yGgsNIjWLMWtfptsU0OnqmNfeKtTG7HWpbg='
37.846.250-6,Michael Johnson,b'ixJ266wQftDwAlbNwh74-aXavX0UvcR6-fJ053NyAHA='
21.293.110-7,Jennifer Aguirre,b'FTc2nKTLmdgV3DS40bCa2OlMYrCYrKAyM1PXStABAwA='
6.267.238-5,Natalie Logan,b'_iMooDAWBEefkCxk3Qf1EHkgEEC7V_wstTG0ptXLbtA='
49.879.180-3,Ryan King,b'Kqn8wRq_qk5k7aOj4pamZcFhK-fGx2lDZ2Udbl8oY6M='
4.833.580-k,Robert Bryant,b'PSmdV4_l5e0Z09d6yx0VXXB_wzs42PGgVMiHEgQSnAc='
22.190.489-2,Dylan Scott,b'IaZQB3MuuL6E9Gibwe6qnQZPpXhdfpwAcfO2yiw5UZk='
3.820.170-5,Linda Smith,b'gvvUYp0n3O4KnWN6of4v_K4Re1i81ozy8ebl6usoI1s='
39.119.170-0,Mary Hudson,b'oYyL3QzhjWv1gIQ0Y6RVqhS2UTvytL18p9EqvbcRssc='
18.267.131-3,Kaylee Pena,b'a1DO6sS_9WrfG_Sead7lGFtkV9LoYbkIMFMqpez8Irk='
9.565.561-k,Thomas Andrews MD,b'qU60xALm3A2Wqau2TTG6HckcO5ZMWiKkddWuGtzVrlo='
17.928.264-5,Stanley Wright,b'GGDZn1IJ0s5idGAYAe1BDPg8zjXYNYlCyWrg-yHHaN0='
46.298.567-6,Alison Smith,b'h8lIzuKuRr5Dw1p4HImLnrYQkwhe2P15ylBgBWLwD_0='
36.794.790-5,Karen Orr,b'8k33w00nT1YEngM7DBsUiH2EblaNiJLp3aUUUcxs6nY='
46.249.466-6,Derek Mejia,b'gwfTLZ5oQ7Cd97CM_jHTk629nCySLfhif-3yYZzeXGI='
15.539.310-0,Tonya Weber,b'x1N4WeK7yqFUN_o3uW7TB30OdjGuw-i6sRylFdFBoFM='
18.967.205-0,Scott Caldwell,b'8zaJUb6jJLaCcGE5hHMBd8XASln3wft3Jl85a3M2uFs='
7.971.934-4,Barbara Stevens,b'D7iHGAX9lnr_FxoJqzG95RlUAAyB6qwfeEp1rPetVu8='
23.518.585-2,Jason Lang,b'uFCMj--KI1EsvmN_WDQrzXqgANn7-5iXMnFpEeWrezA='
38.447.654-7,Jodi Glass,b'kVh_UAa5gwwKaIX0vXZ7WTSJLvYlp77VS2HSoKGh6WE='
17.448.584-2,Jennifer Thomas,b'c0onn6g7KQIJtFH8Q-By6zfvMuUAGWtyJzouH7gJKps='
41.473.544-2,Brenda Noble,b'dU6IS32XMfLnFrq7Tqa4KayRSwsfHOcDjbLjY3TW3tY='
35.824.481-0,Vickie Rogers,b'swMQi7FUVTuDYVK7enNBAcy9o5ZNZZmtzrtT1Av-kOY='
25.626.168-9,Amy Martin,b'qZON5B8Mz6OTp4vq2fYJT3zMK9_foLP0lo3mR_WyG-Y='
28.452.696-8,Calvin Martin,b'b9-xEKpc3KqsHUwroicNUKfu2WL0nrQtKQKJ9GdVQ2M='
23.531.658-0,Phillip Hoffman,b'JjJtS_hXnmsUY4E_TUSUouWY0a76Y-zLxsCvH9JeEAA='
16.122.225-4,Stacy Tate,b'uoo9CInLVfU7B86FCQLn1J7LH1E8KLe5yG_oWoTceo0='
18.567.607-8,Jared Velasquez,b'ERHi3wMF-YvBRmjNDEDund4gTru5XLPVypCiU5GldX4='
48.758.909-4,Veronica Foster,b'XkJoD4JwjIn9qON_oNEjlFbFbrrEBbenHbh_MieFKho='
4.190.249-4,Melissa Johnson,b'nSB6I1pgbvI33d36PafZc5Lcrbh4yWOmBCZQTHFir7Y='
42.517.852-7,Victoria Walker,b'AIDdDbsAupoNTq_XAdUEmWIuaHFiLwNkv42ZSIq_6V8='
12.261.869-0,Gary Schneider,b'tuyL4XHqiXMsiUfsJHVR73QOm_AA06nvTNRanUDK7LQ='
38.433.971-5,John Singleton,b'6AjqDS-5ezURHIAgVwfUU4lpdPfx9lK84hk2jZEzaao='
36.194.647-9,Kim Morales,b'yWs2_w6gy7YfHHdlvihW2l3n7rFOfeKOxhInF25QP78='
40.395.184-7,Michael Miller,b'EzdHlRVqsr79k9G7qBtGHOjZX071JDCelEuqITzu3v4='
36.510.901-7,Taylor Austin,b's9c-8EcIB9ML56N44-gJD2nzdUW46kZzjbXaIhN8Cbg='
3.879.531-0,Tom Baldwin,b'DUZzu_KLYM6zVxvOWP-txpwk9rFj3UVqFsQ6BvxpRfo='
15.315.188-2,Robert Thornton,b'2Ro8uvMu6Q8pjmzhI3HeiuqUZX0vCbhCLTPw2_2EYf8='
19.498.957-3,Alexis Lyons,b'RrXQHO3TnuIlT7eCfi-xAJnTY2-FEHkF10T--qJbUpc='
20.517.197-3,Tammy Rodriguez,b'qmK9AozhbHaFl-8sWN4oLrC01C4X82PJaui3lBuJNJI='
22.558.171-4,Maureen Alexander,b'ZsCuYUXNqlcIDdbPJlrbNxEflWLEcBhvJ5rkg78Bguo='
36.692.496-7,Melissa Smith,b'zU8AfGGcB4Plmp1wxxuukgQr4VmxThzVJG-SdMSSA1Q='
39.601.482-5,Michael Marshall,b'Kt7bVQ-pdKEGVPr2YTAnTmVl5bT65HKQ9EfJBTcn-6Y='
36.526.135-9,James Anderson,b'WeUZ1oK83AyzHVFnUWgjIwuRqeUWB_x92tGBdA3LZ9Y='
38.895.227-0,Steven King,b'Rf9CuobEuEokLBfOHFWajL4eB7uEgp8HSAzZBytCqks='
18.484.938-2,Jared Singh,b'lmo7dEJzeQEbk6qPGFxXuB3pjIrbz0pA0xbGA90TArg='
43.645.580-6,Frederick Smith,b's0P0EPnnkHrWmtR2Kajp8-jM-D_DG1WlJGzOf6tFVMo='
5.626.760-0,Alicia Hull,b'MnLJC2b95NcKnBR_x7ZScEShWN51sHXwJxtMuPLit5c='
8.671.841-k,Thomas Bryant,b'b5JQkd-BZvvQoV5QQsWX5Q-npBW0rRcV-Gc1qFYTdk8='
48.355.839-6,Jessica Russell,b'XNk0uKL4NlCddYw6RIDdQCB5hVcaxUPi7D3SfL-ekVw='
44.345.884-k,Stephanie Romero,b'rbg4Znreo06erHZgQKBDVCI9NbCw6jxY8-zzAq3qG3o='
47.756.221-3,James Stewart,b'hhYm1dSZbC9krEzZFt1BlTbZZCsPRJdwQWARoH03fwg='
36.959.980-7,Crystal Nash,b'inf7sNZ9JRxUG1cjkj8o3iweaIEU4t2Tl2hJVjiQ4ik='
2.302.944-0,Christine Huffman,b'b6XKT0Nh8qvyPsGksk6wZB7lPhOFoSYjyVL9-zigAfM='
50.285.273-5,Christopher Murray,b'hCTDjtrLpi1CTBX5wCizfyaOIGi2r3HwsijdJf5EU00='
9.679.984-0,Mark Garcia,b'6gBYaZVJ9souXIVkEkf6eYhwauRoc8PnfHbiBKkbK9k='
13.777.706-3,Austin Miles,b'DJocCD7ogoivw34Y73xntmcMNXUPLc0qHe_yi_yFV90='
